{"_runtime":1,"epoch":10,"train/target_loss":0.6989052295684814,"val/accuracy":0.5099999904632568,"train/total_loss":1.3918859362602234,"_timestamp":1.7800669346603065e+09,"_wandb":{"runtime":1},"train/concept_loss":0.6929807066917419,"_step":9}